<?xml version="1.0" encoding="UTF-8"?>
<!DOCTYPE mapper PUBLIC "-//mybatis.org//DTD Mapper 3.0//EN" "http://mybatis.org/dtd/mybatis-3-mapper.dtd" >
<mapper namespace="com.javen.dao.ClassDao" >
  <resultMap id="BaseResultMap" type="com.javen.model.Class" ><!-- 2.在执行 -->
    <id      column="id"        property="id"        jdbcType="INTEGER" />
     <result  column="class_name"  property="class_name"  jdbcType="VARCHAR" />
    <result  column="class_grade"  property="class_grade"  jdbcType="VARCHAR" />
    <result  column="class_remark"  property="class_remark"  jdbcType="VARCHAR" />
    <result  column="class_date"  property="class_date"  jdbcType="VARCHAR" />
    
  </resultMap>
  
  <sql id="Base_Column_List" >
   	id,class_name,class_grade,class_remark,class_date
  </sql>
  
  
  <select id="selectByPrimaryKey" resultMap="BaseResultMap" parameterType="java.lang.Integer">
    select 
    <include refid="Base_Column_List" />
    from class
    where id = #{id,jdbcType=INTEGER}
  </select>
  
  <select id="selectAll" resultMap="BaseResultMap" ><!-- 1.先执行 -->
    select * from class
  </select>

   <delete id="deleteByPrimaryKey"  parameterType="java.lang.Integer">
    delete from class
    where id = #{id,jdbcType=INTEGER}
  </delete>
  
   <insert id="insert" parameterType="com.javen.model.Class" >
    insert into class(class_name,class_grade,class_remark,class_date)
    values(#{class_name,jdbcType=VARCHAR}, #{class_grade,jdbcType=VARCHAR},
    #{class_remark,jdbcType=VARCHAR},#{class_date,jdbcType=VARCHAR})
   </insert>
  
   <update id="updateByPrimaryKey"  parameterType="com.javen.model.Class" >
    update class
    set class_name = #{class_name,jdbcType=VARCHAR},
      class_grade = #{class_grade,jdbcType=VARCHAR},
      class_remark = #{class_remark,jdbcType=VARCHAR},
      class_date = #{class_date,jdbcType=VARCHAR}
      where id = #{id,jdbcType=INTEGER}
  </update>

</mapper>