<?xml version="1.0" encoding="UTF-8"?>
<!DOCTYPE mapper PUBLIC "-//mybatis.org//DTD Mapper 3.0//EN" "http://mybatis.org/dtd/mybatis-3-mapper.dtd" >
<mapper namespace="com.javen.dao.StudentDao" >

 <select id="selectAll" resultMap="BaseResultMap" parameterType="com.javen.model.Page">
    select * from student 
    limit #{offset,jdbcType=INTEGER},#{limit,jdbcType=INTEGER} 
  </select> 
  
   <resultMap id="BaseResultMap" type="com.javen.model.Student" >
    	<id      column="id"        property="id"        jdbcType="INTEGER" />
     	<result  column="class_id"  property="class_id"  jdbcType="INTEGER" />
    	<result  column="student_name"  property="student_name"  jdbcType="VARCHAR" />
    	<result  column="student_number"  property="student_number"  jdbcType="VARCHAR" />
    	<result  column="student_sex"  property="student_sex"  jdbcType="VARCHAR" />
    	<result  column="student_class"  property="student_class"  jdbcType="VARCHAR" />
    	<result  column="student_date"  property="student_date"  jdbcType="VARCHAR" />
    	<association property="class1" column="class_id"  javaType="com.javen.model.Class" select="getClassNameByClassId1" > 
    		
    	</association><!-- <association/> == <association></association>-->
   </resultMap> 
 
   <select id="getClassNameByClassId1" resultType="com.javen.model.Class">
    	select * from class where id = #{class_id,javaType=INTEGER} 
  </select>  
  
  <sql id="Base_Column_List" >
   	id,student_name,student_number,student_sex,student_class,student_date
  </sql>
  
  <select id="count" resultType="java.lang.Integer">
    select 
    count(*)
    from student
  </select>
  
  <select id="selectByName" resultMap="BaseResultMap" parameterType="java.lang.String">
    select 
    <include refid="Base_Column_List" />
    from student
    where student_name like '%${value}%'<!-- 必须写value -->
  </select>
  
  <select id="selectBySex" resultMap="BaseResultMap" parameterType="java.lang.String">
    select 
    <include refid="Base_Column_List" />
    from student
    where student_sex = #{student_sex,jdbcType=VARCHAR}
  </select>
  
  

   <delete id="deleteByPrimaryKey"  parameterType="java.lang.Integer">
    delete from student
    where id = #{id,jdbcType=INTEGER}
  </delete>
  
  <delete id="deleteByIds"  parameterType="java.util.List"><!-- 入参为Integer类型的集合-->
    delete from student
    where id = 
    <foreach collection="idList" index="index" item="item"
    open="(" separator="," close=")">
    	#{item}
    </foreach>
  </delete>
  
   <insert id="insert" parameterType="com.javen.model.Student" >
    insert into student(student_name,student_number,student_sex,student_class,student_date)
    values(#{student_name,jdbcType=VARCHAR}, #{student_number,jdbcType=VARCHAR},
    #{student_sex,jdbcType=VARCHAR},#{student_class,jdbcType=VARCHAR},#{student_date,jdbcType=VARCHAR})
   </insert>
  
   <update id="updateByPrimaryKey"  parameterType="com.javen.model.Student" >
    update student
    set student_name = #{student_name,jdbcType=VARCHAR},
      student_number = #{student_number,jdbcType=VARCHAR},
      student_sex = #{student_sex,jdbcType=VARCHAR},
      student_class = #{student_class,jdbcType=VARCHAR},
      student_date = #{student_date,jdbcType=VARCHAR}
      where id = #{id,jdbcType=INTEGER}
  </update>

</mapper>