<?xml version="1.0" encoding="UTF-8"?>
<!DOCTYPE mapper PUBLIC "-//mybatis.org//DTD Mapper 3.0//EN" "http://mybatis.org/dtd/mybatis-3-mapper.dtd" >
<mapper namespace="com.javen.dao.TeacherDao" >

	<select id="selectByPrimaryKey" resultMap="BaseResultMap" parameterType="java.lang.Integer"><!-- 1. -->
    	select 
    	<include refid="Base_Column_List" />
    	from teacher
   		where id = #{id,jdbcType=INTEGER}
  	</select>

<select id="selectAll" resultMap="BaseResultMap" parameterType="com.javen.model.Page">
   select 
   	<include refid="Base_Column_List" />
    from teacher
    limit #{offset,jdbcType=INTEGER},#{limit,jdbcType=INTEGER}
  </select>

  <resultMap id="BaseResultMap" type="com.javen.model.Teacher" ><!-- 2. -->
    <id      column="id"        property="id"        jdbcType="INTEGER" />
    <result  column="teacher_name"  property="teacher_name"  jdbcType="VARCHAR" />
    <result  column="teacher_sex"  property="teacher_sex"  jdbcType="VARCHAR" />
     <result  column="teacher_number"  property="teacher_number"  jdbcType="VARCHAR" />
    <result  column="teacher_date"  property="teacher_date"  jdbcType="VARCHAR" />
    
    <collection property="classList" column="id" select="getClassByTeacherId">
    	<id      column="id"        property="id"        jdbcType="INTEGER" />
    	<result  column="class_name"  property="class_name"  jdbcType="VARCHAR" />
    	<result  column="class_grade"  property="class_grade"  jdbcType="VARCHAR" />
     	<result  column="class_remark"  property="class_remark"  jdbcType="VARCHAR" />
    	<result  column="class_date"  property="class_date"  jdbcType="VARCHAR" />
    </collection> 
    
  </resultMap>
  
   <select id="getClassByTeacherId" resultType="com.javen.model.Class">
     select class.* from class,teacher,teacher_class_relationship where class.id=teacher_class_relationship.class_id 
 	and teacher_class_relationship.teacher_id=#{teacher_id,jdbcType=INTEGER}
   </select> 
   
  <!-- 
  SELECT teacher.teacher_name,c.class_id,c.class_name FROM teacher INNER JOIN (SELECT
	class.class_name,
	class.class_grade,
	class.class_remark,
	class.class_date,
	teacher_class_relationship.teacher_id,
	teacher_class_relationship.class_id,
	class.id 
FROM
	class	INNER JOIN teacher_class_relationship ON class.id = teacher_class_relationship.class_id WHERE teacher_id=1)c on teacher.id=c.teacher_id
   -->
  
  <sql id="Base_Column_List" >
   	id,teacher_name,teacher_sex,teacher_number,teacher_date
  </sql>

   <delete id="deleteByPrimaryKey"  parameterType="java.lang.Integer">
    delete from teacher
    where id = #{id,jdbcType=INTEGER}
  </delete>
  
   <insert id="insert" parameterType="com.javen.model.Teacher" >
    insert into teacher(teacher_name, teacher_sex,teacher_number,teacher_date)
    values(#{teacher_name,jdbcType=VARCHAR}, #{teacher_sex,jdbcType=VARCHAR}
    ,#{teacher_number,jdbcType=VARCHAR}, #{teacher_date,jdbcType=VARCHAR})
   </insert>
  
   <update id="updateByPrimaryKey"  parameterType="com.javen.model.Teacher" >
    update teacher
    set teacher_name = #{teacher_name,jdbcType=VARCHAR},
      teacher_sex = #{teacher_sex,jdbcType=VARCHAR},
      teacher_number = #{teacher_number,jdbcType=VARCHAR},
      teacher_date = #{teacher_teacher,jdbcType=VARCHAR}
      where id = #{id,jdbcType=INTEGER}
  </update>

</mapper>